{"cameraMode":{"drawMode":0,"name":"Shaded","section":"Shading Mode"},"sceneLighting":true,"audioPlay":false,"sceneViewState":{"showFog":false,"showMaterialUpdate":false,"showSkybox":false,"showFlares":false,"showImageEffects":false,"showParticleSystems":false},"in2DMode":false,"pivot":{"x":40.911781311035159,"y":-27.443157196044923,"z":-46.527992248535159},"rotation":{"x":0.30416953563690188,"y":0.38119474053382876,"z":-0.13441231846809388,"w":0.862615168094635},"size":122.32193756103516,"orthographic":false}